prompt,answer
"What is MoveIt 2?","MoveIt 2 is the robotic manipulation platform for ROS 2, incorporating the latest advances in motion planning, manipulation, 3D perception, kinematics, control, and navigation."
"How does MoveIt 2 differ from MoveIt 1?","MoveIt 2 is the ROS 2 version of MoveIt, leveraging ROS 2's features like real-time support, multi-platform compatibility, and improved communication mechanisms."
"How can I install MoveIt 2?","In a ROS 2 environment, you can install MoveIt 2 using the package manager. For example, on Ubuntu, use sudo apt install ros-humble-moveit."
"Which robots are supported by MoveIt 2?","MoveIt 2 supports various robots, including robotic arms and mobile robots. Users can add support for specific robots by configuring URDF and SRDF files."
"What are URDF and SRDF?","URDF (Unified Robot Description Format) describes a robot's physical and visual characteristics, while SRDF (Semantic Robot Description Format) supplements URDF with information like joint groups, default poses, and collision detection."
"Tell me how can I navigate to a specific pose - include replanning aspects in your answer.","To navigate to a specific pose in robotics, you typically use motion planning tools such as MoveIt 2 or a motion planning stack. This involves defining a goal pose for the robot's end effector or base, using a planner to compute a path to that goal, and executing the computed path. Replanning involves continuously monitoring the environment and robot state to check for collisions or changes in the goal state. If any obstacles are detected or deviations occur during execution, the robot will replan its motion to avoid collisions and reach the target safely."
"Nav2 is the professionally-supported successor of the ROS Navigation Stack deploying the same kinds of technology powering Autonomous Vehicles brought down, optimized, and reworked for mobile and surface robotics. What is Nav2?","Nav2 (Navigation2) is the next-generation navigation framework for mobile robots that serves as the successor to the original ROS Navigation Stack. It offers improved capabilities, optimizations, and modularity tailored for advanced robotics applications."
"Can you introduce the Nav2?","Nav2 is a robotics navigation stack that provides tools for robot navigation, path planning, and localization, optimized for mobile robotics. It includes features such as localization with odometry, mapping, and obstacle avoidance."
"What tools does Nav2 have?","Nav2 provides a suite of tools including path planning, map server, localization, robot controllers, costmap-based obstacle avoidance, trajectory planning, and visualization using RViz. It is modular and allows integration with different types of robot configurations."
"What's the process of installing the Nav2?","To install Nav2, first set up your ROS2 environment. Then, use the package manager to install Nav2 dependencies via commands like `sudo apt install ros-<distro>-navigation2` or build it from source using `git clone` followed by `colcon build`. Complete the installation by sourcing the environment with `source install/setup.bash`."
"Give me some Running Examples of Nav2.","Common running examples of Nav2 include: 1) Autonomous navigation on a predefined map with path planning and obstacle avoidance, 2) Using a robot with a lidar to map its environment and plan paths in a simulated Gazebo environment, 3) Real-world navigation experiments with differential-drive robots like TurtleBot or Pioneer-based robots in obstacle-rich areas."
"What is the domain of Nav2?","The domain of Nav2 refers to its operational capabilities in robotics, specifically mobile robotics involving autonomous navigation, path planning, localization, and mapping in environments such as warehouses, urban areas, indoor and outdoor terrains, obstacle avoidance, and robotics simulation."
"The Robot Operating System (ROS) is a set of software libraries and tools that help you build robot applications. From drivers to state-of-the-art algorithms, and with powerful developer tools, ROS has what you need for your next robotics project. And it's all open source. What is ROS?","ROS (Robot Operating System) is an open-source framework providing libraries, tools, and conventions to develop robot software. It offers drivers, communication frameworks, visualization tools, simulation environments, and state-of-the-art algorithms for creating robotic applications."
"What ROS can do for me?","ROS provides capabilities such as integrating sensors, designing motion planning algorithms, controlling actuators, handling robotic perception, creating simulations, debugging robotic behavior, and developing machine learning applications for robotics research and development."
"Why should we use ROS?","We use ROS because it provides a modular, reusable, and community-driven framework for robotics development. It saves time by providing pre-built packages, simplifies communication between robot components, supports simulation environments, and allows collaboration through shared community resources and tools."
"How can I build a robot with ROS?","To build a robot with ROS, start by selecting compatible hardware (sensors, actuators, motors, and computing platforms). Install a ROS environment (e.g., ROS 1 or ROS 2) and set up the robot's drivers and interface. Use ROS tools like RViz for visualization, Gazebo for simulation, and Nav2 for navigation. Write custom ROS nodes to integrate the hardware and implement control logic."
"What is the Robot Operating System (ROS)?","ROS (Robot Operating System) is an open-source robotics framework that provides libraries, tools, and conventions to build robotic applications, including drivers, visualization tools, and simulation environments."
"What are the main features of ROS?","The main features of ROS include hardware abstraction, device drivers, libraries for machine learning, simulation environments like Gazebo, visualization tools like RViz, and communication tools for robotics development."
"How do I install ROS on Ubuntu?","To install ROS on Ubuntu, first configure your system with the official ROS repositories using `sudo sh -c 'echo \"deb http://packages.ros.org/ros/ubuntu $(lsb_release -sc) main\" > /etc/apt/sources.list.d/ros-latest.list'`. Then run `sudo apt update` and `sudo apt install ros-<distro>-desktop-full` (replace `<distro>` with your desired version like 'noetic')."
"What is ROS 1 vs ROS 2?","ROS 1 is the original version of the Robot Operating System, while ROS 2 is its successor designed with improved modularity, real-time capabilities, and multi-platform compatibility, targeting advanced robotics use cases."
"How can I test if ROS is properly installed?","After installation, check if ROS is properly installed by running `roscore` in the terminal. If ROS is functioning, `roscore` will initialize successfully. You can also run `rosnode list` to check active nodes."
"What are the key components of ROS architecture?","The key components of ROS architecture include nodes, topics, services, messages, and the ROS master. Nodes are modular processes that communicate via topics or services managed by the ROS master."
"How do I create a new ROS package?","To create a new ROS package, use the command `catkin_create_pkg <package_name> [dependencies]` in your workspace's `src` directory. Then build the package using `catkin_make` or `colcon build` depending on your ROS version."
"What simulation tools are supported by ROS?","ROS supports simulation tools like Gazebo (for physics-based robotics simulation) and RViz (for visualization). These tools allow developers to simulate robots in virtual environments and test their behavior without physical hardware."
"How can I visualize robot data using RViz?","To visualize robot data with RViz, ensure you have RViz installed and run it using `rosrun rviz rviz`. Add visualization topics (e.g., sensor topics, robot states) to RViz by using the 'Add' menu and selecting the appropriate display options."
"What is the role of the ROS master in the ROS ecosystem?","The ROS master facilitates communication between nodes in a ROS system. It allows nodes to find each other, advertise topics and services, and establish communication pathways in a distributed robotics system."
"How do I debug issues in ROS systems?","To debug issues in ROS, use tools like `rosbag` to log and replay sensor data, `rqt` for graphical debugging, `rostopic echo` to monitor topic messages, `rosnode info` to inspect node states, and `rviz` for visual diagnostics."
"Gazebo brings a fresh approach to simulation with a complete toolbox of development libraries and cloud services to make simulation easy. Iterate fast on your new physical designs in realistic environments with high fidelity sensors streams. Test control strategies in safety, and take advantage of simulation in continuous integration tests. What is Gazebo?","Gazebo is an open-source robotics simulator that provides a realistic simulation environment for testing robot models, sensor simulation, and control strategies with high-fidelity physics and visualization."
"What are the features of Gazebo?","Gazebo features include realistic physics simulation, high-fidelity sensor simulation (e.g., lidar, cameras, GPS), integration with ROS, cloud services for distributed simulation, 3D visualization capabilities, physics engines like ODE or Bullet, and customizable environments for testing scenarios."
"What can I do with Gazebo?","With Gazebo, you can simulate robot behaviors, test sensor integration, design and validate robot control algorithms, test navigation strategies, conduct safety tests in a virtual environment, and integrate continuous integration testing into robotics development workflows."
"What's the domain of Gazebo?","The domain of Gazebo lies in robotics simulation, including robot design, development, testing, and validation. It covers mobile robotics, manipulation, autonomous navigation, environment interaction, sensor simulation, and testing in both indoor and outdoor scenarios."
"What is Gazebo used for?","Gazebo is a robotics simulator used for simulating robots, testing control strategies, and integrating sensors in a virtual, high-fidelity physics environment."
"What types of sensors can be simulated in Gazebo?","Gazebo can simulate sensors like lidar, cameras, GPS, IMU, ultrasonic sensors, and other real-world robotics sensors."
"How does Gazebo integrate with ROS?","Gazebo integrates with ROS (Robot Operating System) to allow communication with ROS nodes, enabling seamless simulation of robotic systems using ROS tools."
"What are Gazebo's supported physics engines?","Gazebo supports physics engines such as ODE (Open Dynamics Engine), Bullet, and DART to simulate realistic physics interactions."
"Can I use Gazebo for autonomous navigation testing?","Yes, Gazebo allows testing of autonomous navigation strategies, path planning, and obstacle avoidance algorithms in realistic simulated environments."
"What is the Gazebo environment editor?","The Gazebo environment editor allows users to design and customize the virtual environments for testing, such as terrain, obstacles, or obstacle-free paths."
"What are the key features of Gazebo?","Key features include realistic sensor simulation, physics engines, 3D visualization, multi-robot simulation, cloud integration, and real-world robotic testing scenarios."
"How can I install Gazebo?","Gazebo can be installed using package managers like `sudo apt install gazebo11` on Ubuntu or by downloading and building from source from its GitHub repository."
"How does Gazebo handle multi-robot simulation?","Gazebo supports multi-robot simulation by allowing users to spawn multiple robot models, simulate them in the same environment, and define interactions among them."
"Can Gazebo simulate outdoor environments?","Yes, Gazebo can simulate outdoor environments with terrains, weather conditions, and realistic GPS signal testing capabilities."
"What programming languages can I use with Gazebo?","Gazebo supports programming with languages like C++, Python, and ROS-compatible interfaces for robot control and simulation scripting."
"What kind of visualization does Gazebo support?","Gazebo uses a 3D visualization tool to display robot models, sensor data, and physics interactions in real time."
"What are the typical use cases for Gazebo?","Typical use cases include testing robot designs, validating robot algorithms, training machine learning models, testing sensors, navigation strategies, and conducting environmental interaction experiments."
"How can Gazebo be used for continuous integration testing?","Gazebo can be integrated into CI/CD pipelines by automating simulation environments and running robot behavior tests with each code commit to ensure the code behaves as expected."
"How do you customize a robot's properties in Gazebo?","Robot properties in Gazebo can be customized by editing SDF (Simulation Description Format) or URDF (Unified Robot Description Format) files to define robot attributes and sensor models."
"What is the difference between Gazebo and other simulators?","Gazebo is known for its high-fidelity sensor simulation, physics realism, ROS integration, and ability to simulate multi-robot scenarios compared to simpler or more specialized simulators."
"What file formats does Gazebo use for simulation models?","Gazebo uses URDF (Unified Robot Description Format) and SDF (Simulation Description Format) for defining robot models, environments, and sensor configurations."
"How can I simulate weather conditions in Gazebo?","You can simulate weather conditions by using plugins or customizing environmental parameters in Gazebo's environment settings."
"What are the Gazebo plugins used for?","Gazebo plugins enable interaction with sensors, actuators, or control logic, allowing the simulation of robot behavior, sensor effects, or communication with environments."
"Does Gazebo support real-time simulation?","Yes, Gazebo supports real-time simulation for testing algorithms, robot behaviors, and real-world interaction scenarios with feedback loops."
"What is the purpose of the Gazebo world file?","The Gazebo world file defines the environment, obstacles, terrain, and other static elements for robot simulation scenarios."
"How can Gazebo help with robot design and prototyping?","Gazebo allows designers to test and validate robot designs virtually before implementing them in the real world, reducing costs and time-to-market for physical prototypes."
"What are the system requirements for Gazebo?","Gazebo's system requirements include Ubuntu operating system (latest LTS versions), ROS compatibility, sufficient RAM, a modern CPU, and GPU for 3D visualization."
"What is the Gazebo command-line interface used for?","The Gazebo command-line interface allows users to launch environments, spawn robot models, and interact with the simulation environment programmatically."
"Can Gazebo be used for AI training?","Yes, Gazebo can be used to train AI algorithms by providing realistic sensor feedback, robot-environment interaction, and multi-agent reinforcement learning experiments."